time,pos_x,pos_y,pos_z
0,0.572695,0.281235,-0.089736
0.002,0.572697,0.280481,-0.089736
0.004,0.572704,0.279727,-0.089736
0.006,0.572716,0.278973,-0.089736
0.008,0.572732,0.278219,-0.089736
0.01,0.572754,0.277466,-0.089736
0.012,0.57278,0.276712,-0.089736
0.014,0.572811,0.275959,-0.089736
0.016,0.572846,0.275206,-0.089736
0.018,0.572886,0.274453,-0.089736
0.02,0.572931,0.2737,-0.089736
0.022,0.572981,0.272948,-0.089736
0.024,0.573036,0.272196,-0.089736
0.026,0.573095,0.271444,-0.089736
0.028,0.573159,0.270693,-0.089736
0.03,0.573227,0.269942,-0.089736
0.032,0.5733,0.269192,-0.089736
0.034,0.573378,0.268442,-0.089736
0.036,0.573461,0.267692,-0.089736
0.038,0.573549,0.266943,-0.089736
0.04,0.573641,0.266195,-0.089736
0.042,0.573738,0.265447,-0.089736
0.044,0.573839,0.2647,-0.089736
0.046,0.573945,0.263954,-0.089736
0.048,0.574056,0.263208,-0.089736
0.05,0.574172,0.262463,-0.089736
0.052,0.574292,0.261718,-0.089736
0.054,0.574417,0.260975,-0.089736
0.056,0.574547,0.260232,-0.089736
0.058,0.574681,0.25949,-0.089736
0.06,0.57482,0.258749,-0.089736
0.062,0.574964,0.258009,-0.089736
0.064,0.575112,0.25727,-0.089736
0.066,0.575265,0.256531,-0.089736
0.068,0.575422,0.255794,-0.089736
0.07,0.575585,0.255058,-0.089736
0.072,0.575751,0.254322,-0.089736
0.074,0.575923,0.253588,-0.089736
0.076,0.576099,0.252855,-0.089736
0.078,0.576279,0.252123,-0.089736
0.08,0.576465,0.251392,-0.089736
0.082,0.576654,0.250662,-0.089736
0.084,0.576849,0.249934,-0.089736
0.086,0.577048,0.249207,-0.089736
0.088,0.577251,0.248481,-0.089736
0.09,0.577459,0.247756,-0.089736
0.092,0.577672,0.247033,-0.089736
0.094,0.577889,0.246311,-0.089736
0.096,0.578111,0.24559,-0.089736
0.098,0.578337,0.244871,-0.089736
0.1,0.578568,0.244153,-0.089736
0.102,0.578803,0.243437,-0.089736
0.104,0.579043,0.242722,-0.089736
0.106,0.579287,0.242008,-0.089736
0.108,0.579536,0.241297,-0.089736
0.11,0.579789,0.240586,-0.089736
0.112,0.580047,0.239878,-0.089736
0.114,0.580309,0.239171,-0.089736
0.116,0.580575,0.238465,-0.089736
0.118,0.580846,0.237762,-0.089736
0.12,0.581121,0.23706,-0.089736
0.122,0.581401,0.23636,-0.089736
0.124,0.581685,0.235661,-0.089736
0.126,0.581974,0.234965,-0.089736
0.128,0.582267,0.23427,-0.089736
0.13,0.582564,0.233577,-0.089736
0.132,0.582866,0.232886,-0.089736
0.134,0.583172,0.232197,-0.089736
0.136,0.583482,0.23151,-0.089736
0.138,0.583796,0.230825,-0.089736
0.14,0.584115,0.230141,-0.089736
0.142,0.584439,0.22946,-0.089736
0.144,0.584766,0.228781,-0.089736
0.146,0.585098,0.228104,-0.089736
0.148,0.585434,0.227429,-0.089736
0.15,0.585774,0.226756,-0.089736
0.152,0.586118,0.226085,-0.089736
0.154,0.586467,0.225417,-0.089736
0.156,0.58682,0.22475,-0.089736
0.158,0.587177,0.224086,-0.089736
0.16,0.587538,0.223424,-0.089736
0.162,0.587903,0.222765,-0.089736
0.164,0.588273,0.222108,-0.089736
0.166,0.588646,0.221453,-0.089736
0.168,0.589024,0.2208,-0.089736
0.17,0.589406,0.22015,-0.089736
0.172,0.589791,0.219502,-0.089736
0.174,0.590181,0.218857,-0.089736
0.176,0.590575,0.218214,-0.089736
0.178,0.590973,0.217574,-0.089736
0.18,0.591375,0.216936,-0.089736
0.182,0.591781,0.2163,-0.089736
0.184,0.592191,0.215668,-0.089736
0.186,0.592605,0.215037,-0.089736
0.188,0.593023,0.21441,-0.089736
0.19,0.593445,0.213785,-0.089736
0.192,0.593871,0.213163,-0.089736
0.194,0.5943,0.212543,-0.089736
0.196,0.594734,0.211926,-0.089736
0.198,0.595171,0.211312,-0.089736
0.2,0.595613,0.210701,-0.089736
0.202,0.596058,0.210092,-0.089736
0.204,0.596507,0.209486,-0.089736
0.206,0.596959,0.208883,-0.089736
0.208,0.597416,0.208283,-0.089736
0.21,0.597876,0.207686,-0.089736
0.212,0.59834,0.207092,-0.089736
0.214,0.598808,0.2065,-0.089736
0.216,0.599279,0.205912,-0.089736
0.218,0.599754,0.205326,-0.089736
0.22,0.600233,0.204744,-0.089736
0.222,0.600715,0.204165,-0.089736
0.224,0.601201,0.203588,-0.089736
0.226,0.601691,0.203015,-0.089736
0.228,0.602184,0.202445,-0.089736
0.23,0.602681,0.201877,-0.089736
0.232,0.603182,0.201313,-0.089736
0.234,0.603686,0.200753,-0.089736
0.236,0.604193,0.200195,-0.089736
0.238,0.604704,0.199641,-0.089736
0.24,0.605218,0.199089,-0.089736
0.242,0.605736,0.198541,-0.089736
0.244,0.606258,0.197997,-0.089736
0.246,0.606782,0.197455,-0.089736
0.248,0.60731,0.196917,-0.089736
0.25,0.607842,0.196382,-0.089736
0.252,0.608377,0.195851,-0.089736
0.254,0.608915,0.195323,-0.089736
0.256,0.609456,0.194798,-0.089736
0.258,0.610001,0.194277,-0.089736
0.26,0.610549,0.193759,-0.089736
0.262,0.6111,0.193244,-0.089736
0.264,0.611655,0.192733,-0.089736
0.266,0.612212,0.192226,-0.089736
0.268,0.612773,0.191722,-0.089736
0.27,0.613337,0.191222,-0.089736
0.272,0.613904,0.190725,-0.089736
0.274,0.614475,0.190231,-0.089736
0.276,0.615048,0.189742,-0.089736
0.278,0.615624,0.189256,-0.089736
0.28,0.616204,0.188773,-0.089736
0.282,0.616786,0.188295,-0.089736
0.284,0.617372,0.187819,-0.089736
0.286,0.61796,0.187348,-0.089736
0.288,0.618551,0.18688,-0.089736
0.29,0.619146,0.186416,-0.089736
0.292,0.619743,0.185956,-0.089736
0.294,0.620343,0.1855,-0.089736
0.296,0.620946,0.185047,-0.089736
0.298,0.621552,0.184598,-0.089736
0.3,0.62216,0.184153,-0.089736
0.302,0.622772,0.183712,-0.089736
0.304,0.623386,0.183274,-0.089736
0.306,0.624003,0.182841,-0.089736
0.308,0.624622,0.182411,-0.089736
0.31,0.625245,0.181985,-0.089736
0.312,0.62587,0.181563,-0.089736
0.314,0.626497,0.181146,-0.089736
0.316,0.627127,0.180732,-0.089736
0.318,0.62776,0.180322,-0.089736
0.32,0.628395,0.179916,-0.089736
0.322,0.629033,0.179514,-0.089736
0.324,0.629674,0.179116,-0.089736
0.326,0.630317,0.178722,-0.089736
0.328,0.630962,0.178332,-0.089736
0.33,0.63161,0.177946,-0.089736
0.332,0.63226,0.177564,-0.089736
0.334,0.632912,0.177186,-0.089736
0.336,0.633567,0.176813,-0.089736
0.338,0.634225,0.176443,-0.089736
0.34,0.634884,0.176078,-0.089736
0.342,0.635546,0.175717,-0.089736
0.344,0.63621,0.17536,-0.089736
0.346,0.636876,0.175007,-0.089736
0.348,0.637545,0.174659,-0.089736
0.35,0.638216,0.174314,-0.089736
0.352,0.638889,0.173974,-0.089736
0.354,0.639564,0.173638,-0.089736
0.356,0.640241,0.173306,-0.089736
0.358,0.64092,0.172979,-0.089736
0.36,0.641601,0.172656,-0.089736
0.362,0.642284,0.172337,-0.089736
0.364,0.64297,0.172022,-0.089736
0.366,0.643657,0.171712,-0.089736
0.368,0.644346,0.171406,-0.089736
0.37,0.645037,0.171104,-0.089736
0.372,0.64573,0.170807,-0.089736
0.374,0.646425,0.170514,-0.089736
0.376,0.647121,0.170226,-0.089736
0.378,0.647819,0.169941,-0.089736
0.38,0.64852,0.169662,-0.089736
0.382,0.649222,0.169386,-0.089736
0.384,0.649925,0.169115,-0.089736
0.386,0.65063,0.168849,-0.089736
0.388,0.651337,0.168587,-0.089736
0.39,0.652046,0.168329,-0.089736
0.392,0.652756,0.168076,-0.089736
0.394,0.653468,0.167827,-0.089736
0.396,0.654181,0.167583,-0.089736
0.398,0.654896,0.167343,-0.089736
0.4,0.655613,0.167108,-0.089736
0.402,0.65633,0.166877,-0.089736
0.404,0.65705,0.166651,-0.089736
0.406,0.65777,0.166429,-0.089736
0.408,0.658492,0.166212,-0.089736
0.41,0.659216,0.166,-0.089736
0.412,0.65994,0.165792,-0.089736
0.414,0.660666,0.165588,-0.089736
0.416,0.661394,0.165389,-0.089736
0.418,0.662122,0.165195,-0.089736
0.42,0.662852,0.165005,-0.089736
0.422,0.663583,0.16482,-0.089736
0.424,0.664315,0.164639,-0.089736
0.426,0.665048,0.164463,-0.089736
0.428,0.665782,0.164292,-0.089736
0.43,0.666517,0.164125,-0.089736
0.432,0.667254,0.163963,-0.089736
0.434,0.667991,0.163805,-0.089736
0.436,0.668729,0.163652,-0.089736
0.438,0.669469,0.163504,-0.089736
0.44,0.670209,0.16336,-0.089736
0.442,0.67095,0.163221,-0.089736
0.444,0.671692,0.163087,-0.089736
0.446,0.672435,0.162958,-0.089736
0.448,0.673178,0.162833,-0.089736
0.45,0.673922,0.162712,-0.089736
0.452,0.674668,0.162597,-0.089736
0.454,0.675413,0.162486,-0.089736
0.456,0.67616,0.16238,-0.089736
0.458,0.676907,0.162278,-0.089736
0.46,0.677655,0.162181,-0.089736
0.462,0.678403,0.162089,-0.089736
0.464,0.679152,0.162002,-0.089736
0.466,0.679901,0.161919,-0.089736
0.468,0.680651,0.161841,-0.089736
0.47,0.681402,0.161767,-0.089736
0.472,0.682152,0.161699,-0.089736
0.474,0.682904,0.161635,-0.089736
0.476,0.683655,0.161576,-0.089736
0.478,0.684407,0.161521,-0.089736
0.48,0.68516,0.161472,-0.089736
0.482,0.685912,0.161427,-0.089736
0.484,0.686665,0.161386,-0.089736
0.486,0.687418,0.161351,-0.089736
0.488,0.688172,0.16132,-0.089736
0.49,0.688925,0.161294,-0.089736
0.492,0.689679,0.161273,-0.089736
0.494,0.690433,0.161256,-0.089736
0.496,0.691187,0.161244,-0.089736
0.498,0.691941,0.161237,-0.089736
0.5,0.692695,0.161235,-0.089736
0.502,0.693449,0.161237,-0.089736
0.504,0.694203,0.161244,-0.089736
0.506,0.694956,0.161256,-0.089736
0.508,0.69571,0.161273,-0.089736
0.51,0.696464,0.161294,-0.089736
0.512,0.697217,0.16132,-0.089736
0.514,0.697971,0.161351,-0.089736
0.516,0.698724,0.161386,-0.089736
0.518,0.699477,0.161427,-0.089736
0.52,0.700229,0.161472,-0.089736
0.522,0.700982,0.161521,-0.089736
0.524,0.701734,0.161576,-0.089736
0.526,0.702485,0.161635,-0.089736
0.528,0.703237,0.161699,-0.089736
0.53,0.703988,0.161767,-0.089736
0.532,0.704738,0.161841,-0.089736
0.534,0.705488,0.161919,-0.089736
0.536,0.706237,0.162002,-0.089736
0.538,0.706986,0.162089,-0.089736
0.54,0.707735,0.162181,-0.089736
0.542,0.708482,0.162278,-0.089736
0.544,0.709229,0.16238,-0.089736
0.546,0.709976,0.162486,-0.089736
0.548,0.710722,0.162597,-0.089736
0.55,0.711467,0.162712,-0.089736
0.552,0.712211,0.162833,-0.089736
0.554,0.712955,0.162958,-0.089736
0.556,0.713697,0.163087,-0.089736
0.558,0.714439,0.163221,-0.089736
0.56,0.71518,0.16336,-0.089736
0.562,0.715921,0.163504,-0.089736
0.564,0.71666,0.163652,-0.089736
0.566,0.717398,0.163805,-0.089736
0.568,0.718135,0.163963,-0.089736
0.57,0.718872,0.164125,-0.089736
0.572,0.719607,0.164292,-0.089736
0.574,0.720341,0.164463,-0.089736
0.576,0.721074,0.164639,-0.089736
0.578,0.721806,0.16482,-0.089736
0.58,0.722537,0.165005,-0.089736
0.582,0.723267,0.165195,-0.089736
0.584,0.723996,0.165389,-0.089736
0.586,0.724723,0.165588,-0.089736
0.588,0.725449,0.165792,-0.089736
0.59,0.726174,0.166,-0.089736
0.592,0.726897,0.166212,-0.089736
0.594,0.727619,0.166429,-0.089736
0.596,0.72834,0.166651,-0.089736
0.598,0.729059,0.166877,-0.089736
0.6,0.729777,0.167108,-0.089736
0.602,0.730493,0.167343,-0.089736
0.604,0.731208,0.167583,-0.089736
0.606,0.731921,0.167827,-0.089736
0.608,0.732633,0.168076,-0.089736
0.61,0.733343,0.168329,-0.089736
0.612,0.734052,0.168587,-0.089736
0.614,0.734759,0.168849,-0.089736
0.616,0.735464,0.169115,-0.089736
0.618,0.736168,0.169386,-0.089736
0.62,0.73687,0.169662,-0.089736
0.622,0.73757,0.169941,-0.089736
0.624,0.738268,0.170226,-0.089736
0.626,0.738965,0.170514,-0.089736
0.628,0.739659,0.170807,-0.089736
0.63,0.740352,0.171104,-0.089736
0.632,0.741043,0.171406,-0.089736
0.634,0.741732,0.171712,-0.089736
0.636,0.74242,0.172022,-0.089736
0.638,0.743105,0.172337,-0.089736
0.64,0.743788,0.172656,-0.089736
0.642,0.744469,0.172979,-0.089736
0.644,0.745148,0.173306,-0.089736
0.646,0.745826,0.173638,-0.089736
0.648,0.746501,0.173974,-0.089736
0.65,0.747173,0.174314,-0.089736
0.652,0.747844,0.174659,-0.089736
0.654,0.748513,0.175007,-0.089736
0.656,0.749179,0.17536,-0.089736
0.658,0.749843,0.175717,-0.089736
0.66,0.750505,0.176078,-0.089736
0.662,0.751165,0.176443,-0.089736
0.664,0.751822,0.176813,-0.089736
0.666,0.752477,0.177186,-0.089736
0.668,0.753129,0.177564,-0.089736
0.67,0.75378,0.177946,-0.089736
0.672,0.754427,0.178332,-0.089736
0.674,0.755073,0.178722,-0.089736
0.676,0.755716,0.179116,-0.089736
0.678,0.756356,0.179514,-0.089736
0.68,0.756994,0.179916,-0.089736
0.682,0.757629,0.180322,-0.089736
0.684,0.758262,0.180732,-0.089736
0.686,0.758892,0.181146,-0.089736
0.688,0.75952,0.181563,-0.089736
0.69,0.760145,0.181985,-0.089736
0.692,0.760767,0.182411,-0.089736
0.694,0.761386,0.182841,-0.089736
0.696,0.762003,0.183274,-0.089736
0.698,0.762617,0.183712,-0.089736
0.7,0.763229,0.184153,-0.089736
0.702,0.763837,0.184598,-0.089736
0.704,0.764443,0.185047,-0.089736
0.706,0.765046,0.1855,-0.089736
0.708,0.765646,0.185956,-0.089736
0.71,0.766243,0.186416,-0.089736
0.712,0.766838,0.18688,-0.089736
0.714,0.767429,0.187348,-0.089736
0.716,0.768018,0.187819,-0.089736
0.718,0.768603,0.188295,-0.089736
0.72,0.769185,0.188773,-0.089736
0.722,0.769765,0.189256,-0.089736
0.724,0.770341,0.189742,-0.089736
0.726,0.770915,0.190231,-0.089736
0.728,0.771485,0.190725,-0.089736
0.73,0.772052,0.191222,-0.089736
0.732,0.772616,0.191722,-0.089736
0.734,0.773177,0.192226,-0.089736
0.736,0.773735,0.192733,-0.089736
0.738,0.774289,0.193244,-0.089736
0.74,0.77484,0.193759,-0.089736
0.742,0.775388,0.194277,-0.089736
0.744,0.775933,0.194798,-0.089736
0.746,0.776474,0.195323,-0.089736
0.748,0.777013,0.195851,-0.089736
0.75,0.777547,0.196382,-0.089736
0.752,0.778079,0.196917,-0.089736
0.754,0.778607,0.197455,-0.089736
0.756,0.779132,0.197997,-0.089736
0.758,0.779653,0.198541,-0.089736
0.76,0.780171,0.199089,-0.089736
0.762,0.780685,0.199641,-0.089736
0.764,0.781196,0.200195,-0.089736
0.766,0.781704,0.200753,-0.089736
0.768,0.782208,0.201313,-0.089736
0.77,0.782708,0.201877,-0.089736
0.772,0.783205,0.202445,-0.089736
0.774,0.783698,0.203015,-0.089736
0.776,0.784188,0.203588,-0.089736
0.778,0.784674,0.204165,-0.089736
0.78,0.785156,0.204744,-0.089736
0.782,0.785635,0.205326,-0.089736
0.784,0.78611,0.205912,-0.089736
0.786,0.786581,0.2065,-0.089736
0.788,0.787049,0.207092,-0.089736
0.79,0.787513,0.207686,-0.089736
0.792,0.787973,0.208283,-0.089736
0.794,0.78843,0.208883,-0.089736
0.796,0.788883,0.209486,-0.089736
0.798,0.789332,0.210092,-0.089736
0.8,0.789777,0.210701,-0.089736
0.802,0.790218,0.211312,-0.089736
0.804,0.790655,0.211926,-0.089736
0.806,0.791089,0.212543,-0.089736
0.808,0.791518,0.213163,-0.089736
0.81,0.791944,0.213785,-0.089736
0.812,0.792366,0.21441,-0.089736
0.814,0.792784,0.215037,-0.089736
0.816,0.793198,0.215668,-0.089736
0.818,0.793608,0.2163,-0.089736
0.82,0.794014,0.216936,-0.089736
0.822,0.794416,0.217574,-0.089736
0.824,0.794814,0.218214,-0.089736
0.826,0.795208,0.218857,-0.089736
0.828,0.795598,0.219502,-0.089736
0.83,0.795984,0.22015,-0.089736
0.832,0.796365,0.2208,-0.089736
0.834,0.796743,0.221453,-0.089736
0.836,0.797117,0.222108,-0.089736
0.838,0.797486,0.222765,-0.089736
0.84,0.797851,0.223424,-0.089736
0.842,0.798213,0.224086,-0.089736
0.844,0.79857,0.22475,-0.089736
0.846,0.798922,0.225417,-0.089736
0.848,0.799271,0.226085,-0.089736
0.85,0.799615,0.226756,-0.089736
0.852,0.799956,0.227429,-0.089736
0.854,0.800292,0.228104,-0.089736
0.856,0.800623,0.228781,-0.089736
0.858,0.800951,0.22946,-0.089736
0.86,0.801274,0.230141,-0.089736
0.862,0.801593,0.230825,-0.089736
0.864,0.801907,0.23151,-0.089736
0.866,0.802218,0.232197,-0.089736
0.868,0.802524,0.232886,-0.089736
0.87,0.802825,0.233577,-0.089736
0.872,0.803122,0.23427,-0.089736
0.874,0.803415,0.234965,-0.089736
0.876,0.803704,0.235661,-0.089736
0.878,0.803988,0.23636,-0.089736
0.88,0.804268,0.23706,-0.089736
0.882,0.804543,0.237762,-0.089736
0.884,0.804814,0.238465,-0.089736
0.886,0.805081,0.239171,-0.089736
0.888,0.805343,0.239878,-0.089736
0.89,0.8056,0.240586,-0.089736
0.892,0.805853,0.241297,-0.089736
0.894,0.806102,0.242008,-0.089736
0.896,0.806346,0.242722,-0.089736
0.898,0.806586,0.243437,-0.089736
0.9,0.806821,0.244153,-0.089736
0.902,0.807052,0.244871,-0.089736
0.904,0.807278,0.24559,-0.089736
0.906,0.8075,0.246311,-0.089736
0.908,0.807717,0.247033,-0.089736
0.91,0.80793,0.247756,-0.089736
0.912,0.808138,0.248481,-0.089736
0.914,0.808341,0.249207,-0.089736
0.916,0.80854,0.249934,-0.089736
0.918,0.808735,0.250662,-0.089736
0.92,0.808925,0.251392,-0.089736
0.922,0.80911,0.252123,-0.089736
0.924,0.80929,0.252855,-0.089736
0.926,0.809466,0.253588,-0.089736
0.928,0.809638,0.254322,-0.089736
0.93,0.809805,0.255058,-0.089736
0.932,0.809967,0.255794,-0.089736
0.934,0.810124,0.256531,-0.089736
0.936,0.810277,0.25727,-0.089736
0.938,0.810425,0.258009,-0.089736
0.94,0.810569,0.258749,-0.089736
0.942,0.810708,0.25949,-0.089736
0.944,0.810842,0.260232,-0.089736
0.946,0.810972,0.260975,-0.089736
0.948,0.811097,0.261718,-0.089736
0.95,0.811217,0.262463,-0.089736
0.952,0.811333,0.263208,-0.089736
0.954,0.811444,0.263954,-0.089736
0.956,0.81155,0.2647,-0.089736
0.958,0.811652,0.265447,-0.089736
0.96,0.811748,0.266195,-0.089736
0.962,0.811841,0.266943,-0.089736
0.964,0.811928,0.267692,-0.089736
0.966,0.812011,0.268442,-0.089736
0.968,0.812089,0.269192,-0.089736
0.97,0.812162,0.269942,-0.089736
0.972,0.812231,0.270693,-0.089736
0.974,0.812294,0.271444,-0.089736
0.976,0.812354,0.272196,-0.089736
0.978,0.812408,0.272948,-0.089736
0.98,0.812458,0.2737,-0.089736
0.982,0.812503,0.274453,-0.089736
0.984,0.812543,0.275206,-0.089736
0.986,0.812579,0.275959,-0.089736
0.988,0.812609,0.276712,-0.089736
0.99,0.812635,0.277466,-0.089736
0.992,0.812657,0.278219,-0.089736
0.994,0.812673,0.278973,-0.089736
0.996,0.812685,0.279727,-0.089736
0.998,0.812692,0.280481,-0.089736
1,0.812695,0.281235,-0.089736
1.002,0.812692,0.281989,-0.089736
1.004,0.812685,0.282743,-0.089736
1.006,0.812673,0.283497,-0.089736
1.008,0.812657,0.284251,-0.089736
1.01,0.812635,0.285004,-0.089736
1.012,0.812609,0.285758,-0.089736
1.014,0.812579,0.286511,-0.089736
1.016,0.812543,0.287264,-0.089736
1.018,0.812503,0.288017,-0.089736
1.02,0.812458,0.28877,-0.089736
1.022,0.812408,0.289522,-0.089736
1.024,0.812354,0.290274,-0.089736
1.026,0.812294,0.291026,-0.089736
1.028,0.812231,0.291777,-0.089736
1.03,0.812162,0.292528,-0.089736
1.032,0.812089,0.293278,-0.089736
1.034,0.812011,0.294028,-0.089736
1.036,0.811928,0.294778,-0.089736
1.038,0.811841,0.295527,-0.089736
1.04,0.811748,0.296275,-0.089736
1.042,0.811652,0.297023,-0.089736
1.044,0.81155,0.29777,-0.089736
1.046,0.811444,0.298516,-0.089736
1.048,0.811333,0.299262,-0.089736
1.05,0.811217,0.300007,-0.089736
1.052,0.811097,0.300751,-0.089736
1.054,0.810972,0.301495,-0.089736
1.056,0.810842,0.302238,-0.089736
1.058,0.810708,0.30298,-0.089736
1.06,0.810569,0.303721,-0.089736
1.062,0.810425,0.304461,-0.089736
1.064,0.810277,0.3052,-0.089736
1.066,0.810124,0.305938,-0.089736
1.068,0.809967,0.306676,-0.089736
1.07,0.809805,0.307412,-0.089736
1.072,0.809638,0.308147,-0.089736
1.074,0.809466,0.308882,-0.089736
1.076,0.80929,0.309615,-0.089736
1.078,0.80911,0.310347,-0.089736
1.08,0.808925,0.311078,-0.089736
1.082,0.808735,0.311807,-0.089736
1.084,0.80854,0.312536,-0.089736
1.086,0.808341,0.313263,-0.089736
1.088,0.808138,0.313989,-0.089736
1.09,0.80793,0.314714,-0.089736
1.092,0.807717,0.315437,-0.089736
1.094,0.8075,0.316159,-0.089736
1.096,0.807278,0.31688,-0.089736
1.098,0.807052,0.317599,-0.089736
1.1,0.806821,0.318317,-0.089736
1.102,0.806586,0.319033,-0.089736
1.104,0.806346,0.319748,-0.089736
1.106,0.806102,0.320461,-0.089736
1.108,0.805853,0.321173,-0.089736
1.11,0.8056,0.321883,-0.089736
1.112,0.805343,0.322592,-0.089736
1.114,0.805081,0.323299,-0.089736
1.116,0.804814,0.324004,-0.089736
1.118,0.804543,0.324708,-0.089736
1.12,0.804268,0.32541,-0.089736
1.122,0.803988,0.32611,-0.089736
1.124,0.803704,0.326808,-0.089736
1.126,0.803415,0.327505,-0.089736
1.128,0.803122,0.3282,-0.089736
1.13,0.802825,0.328893,-0.089736
1.132,0.802524,0.329584,-0.089736
1.134,0.802218,0.330273,-0.089736
1.136,0.801907,0.33096,-0.089736
1.138,0.801593,0.331645,-0.089736
1.14,0.801274,0.332328,-0.089736
1.142,0.800951,0.33301,-0.089736
1.144,0.800623,0.333689,-0.089736
1.146,0.800292,0.334366,-0.089736
1.148,0.799956,0.335041,-0.089736
1.15,0.799615,0.335714,-0.089736
1.152,0.799271,0.336385,-0.089736
1.154,0.798922,0.337053,-0.089736
1.156,0.79857,0.337719,-0.089736
1.158,0.798213,0.338384,-0.089736
1.16,0.797851,0.339045,-0.089736
1.162,0.797486,0.339705,-0.089736
1.164,0.797117,0.340362,-0.089736
1.166,0.796743,0.341017,-0.089736
1.168,0.796365,0.34167,-0.089736
1.17,0.795984,0.34232,-0.089736
1.172,0.795598,0.342968,-0.089736
1.174,0.795208,0.343613,-0.089736
1.176,0.794814,0.344256,-0.089736
1.178,0.794416,0.344896,-0.089736
1.18,0.794014,0.345534,-0.089736
1.182,0.793608,0.346169,-0.089736
1.184,0.793198,0.346802,-0.089736
1.186,0.792784,0.347432,-0.089736
1.188,0.792366,0.34806,-0.089736
1.19,0.791944,0.348685,-0.089736
1.192,0.791518,0.349307,-0.089736
1.194,0.791089,0.349927,-0.089736
1.196,0.790655,0.350544,-0.089736
1.198,0.790218,0.351158,-0.089736
1.2,0.789777,0.351769,-0.089736
1.202,0.789332,0.352378,-0.089736
1.204,0.788883,0.352984,-0.089736
1.206,0.78843,0.353586,-0.089736
1.208,0.787973,0.354187,-0.089736
1.21,0.787513,0.354784,-0.089736
1.212,0.787049,0.355378,-0.089736
1.214,0.786581,0.355969,-0.089736
1.216,0.78611,0.356558,-0.089736
1.218,0.785635,0.357143,-0.089736
1.22,0.785156,0.357726,-0.089736
1.222,0.784674,0.358305,-0.089736
1.224,0.784188,0.358882,-0.089736
1.226,0.783698,0.359455,-0.089736
1.228,0.783205,0.360025,-0.089736
1.23,0.782708,0.360592,-0.089736
1.232,0.782208,0.361156,-0.089736
1.234,0.781704,0.361717,-0.089736
1.236,0.781196,0.362275,-0.089736
1.238,0.780685,0.362829,-0.089736
1.24,0.780171,0.363381,-0.089736
1.242,0.779653,0.363929,-0.089736
1.244,0.779132,0.364473,-0.089736
1.246,0.778607,0.365015,-0.089736
1.248,0.778079,0.365553,-0.089736
1.25,0.777547,0.366088,-0.089736
1.252,0.777013,0.366619,-0.089736
1.254,0.776474,0.367147,-0.089736
1.256,0.775933,0.367672,-0.089736
1.258,0.775388,0.368193,-0.089736
1.26,0.77484,0.368711,-0.089736
1.262,0.774289,0.369226,-0.089736
1.264,0.773735,0.369736,-0.089736
1.266,0.773177,0.370244,-0.089736
1.268,0.772616,0.370748,-0.089736
1.27,0.772052,0.371248,-0.089736
1.272,0.771485,0.371745,-0.089736
1.274,0.770915,0.372238,-0.089736
1.276,0.770341,0.372728,-0.089736
1.278,0.769765,0.373214,-0.089736
1.28,0.769185,0.373697,-0.089736
1.282,0.768603,0.374175,-0.089736
1.284,0.768018,0.37465,-0.089736
1.286,0.767429,0.375122,-0.089736
1.288,0.766838,0.37559,-0.089736
1.29,0.766243,0.376054,-0.089736
1.292,0.765646,0.376514,-0.089736
1.294,0.765046,0.37697,-0.089736
1.296,0.764443,0.377423,-0.089736
1.298,0.763837,0.377872,-0.089736
1.3,0.763229,0.378317,-0.089736
1.302,0.762617,0.378758,-0.089736
1.304,0.762003,0.379196,-0.089736
1.306,0.761386,0.379629,-0.089736
1.308,0.760767,0.380059,-0.089736
1.31,0.760145,0.380485,-0.089736
1.312,0.75952,0.380906,-0.089736
1.314,0.758892,0.381324,-0.089736
1.316,0.758262,0.381738,-0.089736
1.318,0.757629,0.382148,-0.089736
1.32,0.756994,0.382554,-0.089736
1.322,0.756356,0.382956,-0.089736
1.324,0.755716,0.383354,-0.089736
1.326,0.755073,0.383748,-0.089736
1.328,0.754427,0.384138,-0.089736
1.33,0.75378,0.384524,-0.089736
1.332,0.753129,0.384906,-0.089736
1.334,0.752477,0.385283,-0.089736
1.336,0.751822,0.385657,-0.089736
1.338,0.751165,0.386026,-0.089736
1.34,0.750505,0.386392,-0.089736
1.342,0.749843,0.386753,-0.089736
1.344,0.749179,0.38711,-0.089736
1.346,0.748513,0.387463,-0.089736
1.348,0.747844,0.387811,-0.089736
1.35,0.747173,0.388156,-0.089736
1.352,0.746501,0.388496,-0.089736
1.354,0.745826,0.388832,-0.089736
1.356,0.745148,0.389164,-0.089736
1.358,0.744469,0.389491,-0.089736
1.36,0.743788,0.389814,-0.089736
1.362,0.743105,0.390133,-0.089736
1.364,0.74242,0.390448,-0.089736
1.366,0.741732,0.390758,-0.089736
1.368,0.741043,0.391064,-0.089736
1.37,0.740352,0.391365,-0.089736
1.372,0.739659,0.391663,-0.089736
1.374,0.738965,0.391956,-0.089736
1.376,0.738268,0.392244,-0.089736
1.378,0.73757,0.392528,-0.089736
1.38,0.73687,0.392808,-0.089736
1.382,0.736168,0.393083,-0.089736
1.384,0.735464,0.393354,-0.089736
1.386,0.734759,0.393621,-0.089736
1.388,0.734052,0.393883,-0.089736
1.39,0.733343,0.394141,-0.089736
1.392,0.732633,0.394394,-0.089736
1.394,0.731921,0.394642,-0.089736
1.396,0.731208,0.394887,-0.089736
1.398,0.730493,0.395126,-0.089736
1.4,0.729777,0.395362,-0.089736
1.402,0.729059,0.395592,-0.089736
1.404,0.72834,0.395819,-0.089736
1.406,0.727619,0.39604,-0.089736
1.408,0.726897,0.396258,-0.089736
1.41,0.726174,0.39647,-0.089736
1.412,0.725449,0.396678,-0.089736
1.414,0.724723,0.396882,-0.089736
1.416,0.723996,0.397081,-0.089736
1.418,0.723267,0.397275,-0.089736
1.42,0.722537,0.397465,-0.089736
1.422,0.721806,0.39765,-0.089736
1.424,0.721074,0.397831,-0.089736
1.426,0.720341,0.398007,-0.089736
1.428,0.719607,0.398178,-0.089736
1.43,0.718872,0.398345,-0.089736
1.432,0.718135,0.398507,-0.089736
1.434,0.717398,0.398665,-0.089736
1.436,0.71666,0.398818,-0.089736
1.438,0.715921,0.398966,-0.089736
1.44,0.71518,0.399109,-0.089736
1.442,0.714439,0.399248,-0.089736
1.444,0.713697,0.399383,-0.089736
1.446,0.712955,0.399512,-0.089736
1.448,0.712211,0.399637,-0.089736
1.45,0.711467,0.399758,-0.089736
1.452,0.710722,0.399873,-0.089736
1.454,0.709976,0.399984,-0.089736
1.456,0.709229,0.40009,-0.089736
1.458,0.708482,0.400192,-0.089736
1.46,0.707735,0.400289,-0.089736
1.462,0.706986,0.400381,-0.089736
1.464,0.706237,0.400468,-0.089736
1.466,0.705488,0.400551,-0.089736
1.468,0.704738,0.400629,-0.089736
1.47,0.703988,0.400702,-0.089736
1.472,0.703237,0.400771,-0.089736
1.474,0.702485,0.400835,-0.089736
1.476,0.701734,0.400894,-0.089736
1.478,0.700982,0.400948,-0.089736
1.48,0.700229,0.400998,-0.089736
1.482,0.699477,0.401043,-0.089736
1.484,0.698724,0.401083,-0.089736
1.486,0.697971,0.401119,-0.089736
1.488,0.697217,0.40115,-0.089736
1.49,0.696464,0.401176,-0.089736
1.492,0.69571,0.401197,-0.089736
1.494,0.694956,0.401214,-0.089736
1.496,0.694203,0.401225,-0.089736
1.498,0.693449,0.401233,-0.089736
1.5,0.692695,0.401235,-0.089736
1.502,0.691941,0.401233,-0.089736
1.504,0.691187,0.401225,-0.089736
1.506,0.690433,0.401214,-0.089736
1.508,0.689679,0.401197,-0.089736
1.51,0.688925,0.401176,-0.089736
1.512,0.688172,0.40115,-0.089736
1.514,0.687418,0.401119,-0.089736
1.516,0.686665,0.401083,-0.089736
1.518,0.685912,0.401043,-0.089736
1.52,0.68516,0.400998,-0.089736
1.522,0.684407,0.400948,-0.089736
1.524,0.683655,0.400894,-0.089736
1.526,0.682904,0.400835,-0.089736
1.528,0.682152,0.400771,-0.089736
1.53,0.681402,0.400702,-0.089736
1.532,0.680651,0.400629,-0.089736
1.534,0.679901,0.400551,-0.089736
1.536,0.679152,0.400468,-0.089736
1.538,0.678403,0.400381,-0.089736
1.54,0.677655,0.400289,-0.089736
1.542,0.676907,0.400192,-0.089736
1.544,0.67616,0.40009,-0.089736
1.546,0.675413,0.399984,-0.089736
1.548,0.674668,0.399873,-0.089736
1.55,0.673922,0.399758,-0.089736
1.552,0.673178,0.399637,-0.089736
1.554,0.672435,0.399512,-0.089736
1.556,0.671692,0.399383,-0.089736
1.558,0.67095,0.399248,-0.089736
1.56,0.670209,0.399109,-0.089736
1.562,0.669469,0.398966,-0.089736
1.564,0.668729,0.398818,-0.089736
1.566,0.667991,0.398665,-0.089736
1.568,0.667254,0.398507,-0.089736
1.57,0.666517,0.398345,-0.089736
1.572,0.665782,0.398178,-0.089736
1.574,0.665048,0.398007,-0.089736
1.576,0.664315,0.397831,-0.089736
1.578,0.663583,0.39765,-0.089736
1.58,0.662852,0.397465,-0.089736
1.582,0.662122,0.397275,-0.089736
1.584,0.661394,0.397081,-0.089736
1.586,0.660666,0.396882,-0.089736
1.588,0.65994,0.396678,-0.089736
1.59,0.659216,0.39647,-0.089736
1.592,0.658492,0.396258,-0.089736
1.594,0.65777,0.39604,-0.089736
1.596,0.65705,0.395819,-0.089736
1.598,0.65633,0.395592,-0.089736
1.6,0.655613,0.395362,-0.089736
1.602,0.654896,0.395126,-0.089736
1.604,0.654181,0.394887,-0.089736
1.606,0.653468,0.394642,-0.089736
1.608,0.652756,0.394394,-0.089736
1.61,0.652046,0.394141,-0.089736
1.612,0.651337,0.393883,-0.089736
1.614,0.65063,0.393621,-0.089736
1.616,0.649925,0.393354,-0.089736
1.618,0.649222,0.393083,-0.089736
1.62,0.64852,0.392808,-0.089736
1.622,0.647819,0.392528,-0.089736
1.624,0.647121,0.392244,-0.089736
1.626,0.646425,0.391956,-0.089736
1.628,0.64573,0.391663,-0.089736
1.63,0.645037,0.391365,-0.089736
1.632,0.644346,0.391064,-0.089736
1.634,0.643657,0.390758,-0.089736
1.636,0.64297,0.390448,-0.089736
1.638,0.642284,0.390133,-0.089736
1.64,0.641601,0.389814,-0.089736
1.642,0.64092,0.389491,-0.089736
1.644,0.640241,0.389164,-0.089736
1.646,0.639564,0.388832,-0.089736
1.648,0.638889,0.388496,-0.089736
1.65,0.638216,0.388156,-0.089736
1.652,0.637545,0.387811,-0.089736
1.654,0.636876,0.387463,-0.089736
1.656,0.63621,0.38711,-0.089736
1.658,0.635546,0.386753,-0.089736
1.66,0.634884,0.386392,-0.089736
1.662,0.634225,0.386026,-0.089736
1.664,0.633567,0.385657,-0.089736
1.666,0.632912,0.385283,-0.089736
1.668,0.63226,0.384906,-0.089736
1.67,0.63161,0.384524,-0.089736
1.672,0.630962,0.384138,-0.089736
1.674,0.630317,0.383748,-0.089736
1.676,0.629674,0.383354,-0.089736
1.678,0.629033,0.382956,-0.089736
1.68,0.628395,0.382554,-0.089736
1.682,0.62776,0.382148,-0.089736
1.684,0.627127,0.381738,-0.089736
1.686,0.626497,0.381324,-0.089736
1.688,0.62587,0.380906,-0.089736
1.69,0.625245,0.380485,-0.089736
1.692,0.624622,0.380059,-0.089736
1.694,0.624003,0.379629,-0.089736
1.696,0.623386,0.379196,-0.089736
1.698,0.622772,0.378758,-0.089736
1.7,0.62216,0.378317,-0.089736
1.702,0.621552,0.377872,-0.089736
1.704,0.620946,0.377423,-0.089736
1.706,0.620343,0.37697,-0.089736
1.708,0.619743,0.376514,-0.089736
1.71,0.619146,0.376054,-0.089736
1.712,0.618551,0.37559,-0.089736
1.714,0.61796,0.375122,-0.089736
1.716,0.617372,0.37465,-0.089736
1.718,0.616786,0.374175,-0.089736
1.72,0.616204,0.373697,-0.089736
1.722,0.615624,0.373214,-0.089736
1.724,0.615048,0.372728,-0.089736
1.726,0.614475,0.372238,-0.089736
1.728,0.613904,0.371745,-0.089736
1.73,0.613337,0.371248,-0.089736
1.732,0.612773,0.370748,-0.089736
1.734,0.612212,0.370244,-0.089736
1.736,0.611655,0.369736,-0.089736
1.738,0.6111,0.369226,-0.089736
1.74,0.610549,0.368711,-0.089736
1.742,0.610001,0.368193,-0.089736
1.744,0.609456,0.367672,-0.089736
1.746,0.608915,0.367147,-0.089736
1.748,0.608377,0.366619,-0.089736
1.75,0.607842,0.366088,-0.089736
1.752,0.60731,0.365553,-0.089736
1.754,0.606782,0.365015,-0.089736
1.756,0.606258,0.364473,-0.089736
1.758,0.605736,0.363929,-0.089736
1.76,0.605218,0.363381,-0.089736
1.762,0.604704,0.362829,-0.089736
1.764,0.604193,0.362275,-0.089736
1.766,0.603686,0.361717,-0.089736
1.768,0.603182,0.361156,-0.089736
1.77,0.602681,0.360592,-0.089736
1.772,0.602184,0.360025,-0.089736
1.774,0.601691,0.359455,-0.089736
1.776,0.601201,0.358882,-0.089736
1.778,0.600715,0.358305,-0.089736
1.78,0.600233,0.357726,-0.089736
1.782,0.599754,0.357143,-0.089736
1.784,0.599279,0.356558,-0.089736
1.786,0.598808,0.355969,-0.089736
1.788,0.59834,0.355378,-0.089736
1.79,0.597876,0.354784,-0.089736
1.792,0.597416,0.354187,-0.089736
1.794,0.596959,0.353586,-0.089736
1.796,0.596507,0.352984,-0.089736
1.798,0.596058,0.352378,-0.089736
1.8,0.595613,0.351769,-0.089736
1.802,0.595171,0.351158,-0.089736
1.804,0.594734,0.350544,-0.089736
1.806,0.5943,0.349927,-0.089736
1.808,0.593871,0.349307,-0.089736
1.81,0.593445,0.348685,-0.089736
1.812,0.593023,0.34806,-0.089736
1.814,0.592605,0.347432,-0.089736
1.816,0.592191,0.346802,-0.089736
1.818,0.591781,0.346169,-0.089736
1.82,0.591375,0.345534,-0.089736
1.822,0.590973,0.344896,-0.089736
1.824,0.590575,0.344256,-0.089736
1.826,0.590181,0.343613,-0.089736
1.828,0.589791,0.342968,-0.089736
1.83,0.589406,0.34232,-0.089736
1.832,0.589024,0.34167,-0.089736
1.834,0.588646,0.341017,-0.089736
1.836,0.588273,0.340362,-0.089736
1.838,0.587903,0.339705,-0.089736
1.84,0.587538,0.339045,-0.089736
1.842,0.587177,0.338384,-0.089736
1.844,0.58682,0.337719,-0.089736
1.846,0.586467,0.337053,-0.089736
1.848,0.586118,0.336385,-0.089736
1.85,0.585774,0.335714,-0.089736
1.852,0.585434,0.335041,-0.089736
1.854,0.585098,0.334366,-0.089736
1.856,0.584766,0.333689,-0.089736
1.858,0.584439,0.33301,-0.089736
1.86,0.584115,0.332328,-0.089736
1.862,0.583796,0.331645,-0.089736
1.864,0.583482,0.33096,-0.089736
1.866,0.583172,0.330273,-0.089736
1.868,0.582866,0.329584,-0.089736
1.87,0.582564,0.328893,-0.089736
1.872,0.582267,0.3282,-0.089736
1.874,0.581974,0.327505,-0.089736
1.876,0.581685,0.326808,-0.089736
1.878,0.581401,0.32611,-0.089736
1.88,0.581121,0.32541,-0.089736
1.882,0.580846,0.324708,-0.089736
1.884,0.580575,0.324004,-0.089736
1.886,0.580309,0.323299,-0.089736
1.888,0.580047,0.322592,-0.089736
1.89,0.579789,0.321883,-0.089736
1.892,0.579536,0.321173,-0.089736
1.894,0.579287,0.320461,-0.089736
1.896,0.579043,0.319748,-0.089736
1.898,0.578803,0.319033,-0.089736
1.9,0.578568,0.318317,-0.089736
1.902,0.578337,0.317599,-0.089736
1.904,0.578111,0.31688,-0.089736
1.906,0.577889,0.316159,-0.089736
1.908,0.577672,0.315437,-0.089736
1.91,0.577459,0.314714,-0.089736
1.912,0.577251,0.313989,-0.089736
1.914,0.577048,0.313263,-0.089736
1.916,0.576849,0.312536,-0.089736
1.918,0.576654,0.311807,-0.089736
1.92,0.576465,0.311078,-0.089736
1.922,0.576279,0.310347,-0.089736
1.924,0.576099,0.309615,-0.089736
1.926,0.575923,0.308882,-0.089736
1.928,0.575751,0.308147,-0.089736
1.93,0.575585,0.307412,-0.089736
1.932,0.575422,0.306676,-0.089736
1.934,0.575265,0.305938,-0.089736
1.936,0.575112,0.3052,-0.089736
1.938,0.574964,0.304461,-0.089736
1.94,0.57482,0.303721,-0.089736
1.942,0.574681,0.30298,-0.089736
1.944,0.574547,0.302238,-0.089736
1.946,0.574417,0.301495,-0.089736
1.948,0.574292,0.300751,-0.089736
1.95,0.574172,0.300007,-0.089736
1.952,0.574056,0.299262,-0.089736
1.954,0.573945,0.298516,-0.089736
1.956,0.573839,0.29777,-0.089736
1.958,0.573738,0.297023,-0.089736
1.96,0.573641,0.296275,-0.089736
1.962,0.573549,0.295527,-0.089736
1.964,0.573461,0.294778,-0.089736
1.966,0.573378,0.294028,-0.089736
1.968,0.5733,0.293278,-0.089736
1.97,0.573227,0.292528,-0.089736
1.972,0.573159,0.291777,-0.089736
1.974,0.573095,0.291026,-0.089736
1.976,0.573036,0.290274,-0.089736
1.978,0.572981,0.289522,-0.089736
1.98,0.572931,0.28877,-0.089736
1.982,0.572886,0.288017,-0.089736
1.984,0.572846,0.287264,-0.089736
1.986,0.572811,0.286511,-0.089736
1.988,0.57278,0.285758,-0.089736
1.99,0.572754,0.285004,-0.089736
1.992,0.572732,0.284251,-0.089736
1.994,0.572716,0.283497,-0.089736
1.996,0.572704,0.282743,-0.089736
1.998,0.572697,0.281989,-0.089736
2,0.572695,0.281235,-0.089736